"Company
(full analysis companies only)",1. Commitment & Governance,2. Traceability and Risk Assessment,3. Purchasing Practices,4. Recruitment,5. Worker Voice,6. Monitoring,7. Remedy,Tolerance,market_cap,Region,cat_type
Amazon.com Inc.,62,88,22,36,12,12,44,39.42857143,H,North America,buyer
Amphenol Corp.,40,25,4,26,8,8,6,16.71428571,L,North America,both
Analog Devices Inc.,48,25,26,26,11,11,19,23.71428571,M,North America,sup
Apple Inc.,83,81,30,74,63,63,56,64.28571429,H,North America,buyer
Applied Materials Inc.,59,38,9,39,4,4,19,24.57142857,M,North America,sup
ASML Holding NV,52,6,9,26,14,14,13,19.14285714,H,Europe,sup
Best Buy Co. Inc.,75,94,35,33,15,15,50,45.28571429,L,North America,buyer
BOE Technology Group Co. Ltd.,2,0,25,0,0,0,0,3.857142857,M,Asia,sup
Broadcom Inc.,33,19,4,0,7,7,0,10,H,North America,sup
Canon Inc.,42,25,21,0,7,7,0,14.57142857,M,Asia,sup
Cisco Systems Inc.,69,75,13,43,14,14,75,43.28571429,H,North America,both
Corning Inc.,67,25,53,33,7,7,38,32.85714286,L,North America,sup
Dell Technologies Inc.,73,63,34,63,47,47,88,59.28571429,M,North America,both
Hangzhou Hikvision Digital Technology Co. Ltd.,20,0,0,0,0,0,0,2.857142857,H,Asia,#N/A
Hewlett Packard Enterprise Co. (HPE),90,81,48,78,31,31,88,63.85714286,L,North America,buyer
Hexagon AB,25,0,17,0,0,0,13,7.857142857,L,Europe,buyer
Hitachi Ltd.,67,13,17,26,8,8,13,21.71428571,M,Asia,sup
Hon Hai Precision Industry Co. Ltd. (Foxconn),50,19,17,26,3,3,38,22.28571429,M,Asia,sup
Hoya Corp.,43,0,22,0,7,7,13,13.14285714,L,Asia,buyer
HP Inc.,98,88,56,78,25,25,66,62.28571429,M,North America,both
Infineon Technologies AG,38,6,21,0,0,0,0,9.285714286,M,Europe,sup
Intel Corp.,93,88,52,73,33,33,63,62.14285714,H,North America,both
Keyence Corp.,33,6,0,0,0,0,0,5.571428571,H,Asia,buyer
Kyocera Corp.,34,25,4,10,0,0,0,10.42857143,L,Asia,sup
Lam Research Corp.,43,19,21,26,4,4,6,17.57142857,L,North America,sup
Largan Precision Co. Ltd.,20,0,0,0,0,0,0,2.857142857,L,Asia,sup
Microchip Technology Inc.,25,25,9,0,0,0,0,8.428571429,L,North America,sup
Micron Technology Inc.,70,56,21,39,14,14,31,35,M,North America,sup
Microsoft Corp.,75,81,56,36,47,47,56,56.85714286,H,North America,both
Murata Manufacturing Co. Ltd.,50,0,21,26,4,4,19,17.71428571,M,Asia,sup
Nintendo Co. Ltd.,44,31,9,18,3,3,19,18.14285714,M,Asia,buyer
Nokia Oyj,72,63,19,23,10,10,75,38.85714286,L,Europe,buyer
NVIDIA Corp.,67,25,8,26,8,8,38,25.71428571,H,North America,both
NXP Semiconductors NV,70,94,22,59,33,33,63,53.42857143,M,Europe,both
Panasonic Corp.,35,0,26,14,8,8,6,13.85714286,M,Asia,sup
Qualcomm Inc.,67,19,35,26,15,15,38,30.71428571,H,North America,both
Samsung Electronics Co. Ltd.,93,69,69,66,32,32,75,62.28571429,H,Asia,both
SK Hynix Inc.,54,0,21,0,4,4,6,12.71428571,M,Asia,sup
Skyworks Solutions Inc.,49,31,9,26,8,8,38,24.14285714,L,North America,sup
Sony Corp.,62,63,26,30,11,11,38,34.42857143,H,Asia,sup
STMicroelectronics NV,51,44,26,33,14,14,19,28.71428571,L,Europe,sup
Taiwan Semiconductor Manufacturing Co. Ltd.,58,56,8,36,8,8,38,30.28571429,H,Asia,sup
TE Connectivity Ltd.,48,19,4,4,10,10,31,18,M,Europe,sup
Telefonaktiebolaget LM Ericsson (publ),77,75,35,33,14,14,75,46.14285714,L,Europe,buyer
Texas Instruments Inc.,62,56,13,26,11,11,38,31,H,North America,sup
Tokyo Electron Ltd.,51,0,21,26,8,8,0,16.28571429,L,Asia,sup
Walmart Inc.,75,38,26,53,28,28,50,42.57142857,H,North America,buyer
Western Digital Corp.,51,6,0,26,4,4,6,13.85714286,L,North America,sup
Xiaomi Corp.,0,0,0,0,0,0,0,0,M,Asia,buyer
